[{"id":"1","answers":""},{"id":"2","answers":"A) break\r\nB) ()\r\nC) case\r\nD) default\r\nE) {}"},{"id":"18","answers":""},{"id":"19","answers":""},{"id":"20","answers":"A) \r\nif (x == 5):\r\nelse:\r\n\r\nB)\r\nif x == 5:\r\n    print(x)\r\nelse:\r\n  print(0)\r\n\r\nC)\r\nelif (x < 5): print(0)\r\nelif (x >= 5): print(1)\r\n\r\nD)\r\nif x == 5: print(x)\r\nelse: print(0)\r\n\r\nE)\r\nif x == 5: print(x)\r\nelif x > 5: print(x)\r\nelse: print(x)\r\n\r\nF)\r\nif x == 5:\r\n    print(x)\r\n  print(x)\r\nelse:\r\n    print(x)"},{"id":"21","answers":"A) short\r\nB) float\r\nC) double\r\nD) bool\r\nE) int\r\nF) char"},{"id":"22","answers":""},{"id":"23","answers":"A) 3\r\nB) Ничего\r\nC) 1013\r\nD) 101\r\nE) Ошибка\r\nF) 3101"},{"id":"24","answers":"A) Ошибка\r\nB) 101\r\nС) 1013\r\nD) 3\r\nE) Ничего\r\nF) 3101"},{"id":"25","answers":""},{"id":"26","answers":""},{"id":"27","answers":"A) if (x == 5) std::cout << x;\r\n   else std::cout << 0;\r\n\r\nB) if (x == 5) std::cout << x;\r\n   else (x > 5) std::cout << 0;\r\n   else std::cout << 1;\r\n\r\nC) if (x == 5) ;\r\n   else ;\r\n\r\nD) if (x == 5) {std::cout << x;};\r\n   else std::cout << 0;\r\n\r\nE) if (x == 5) std::cout << 5;\r\n   else if (x != 5) std::cout << 6;\r\n\r\nF) if (x == 5) std::cout << x;\r\n   else {std::cout << 0;}"},{"id":"28","answers":"A) 15\r\nB) Ничего\r\nC) 5\r\nD) Ошибка\r\nE) 515\r\nF) 155"},{"id":"29","answers":"A) 5 <= 6\r\nB) Ничего\r\nC) 5 <= 1 6\r\nD) 5 1 6\r\nE) Ошибка\r\nF) 5 1 <= 6"},{"id":"30","answers":"A) 0\r\nB) В Python запрещено неявное преобразование чисел в логический тип.\r\nC) 5\r\nD) 5.0\r\nE) 0.0\r\nF) -5\r\nG) -5.0"},{"id":"31","answers":""},{"id":"32","answers":"A) у любое число <= 5, кроме 1\r\nB) у любое число > 5\r\nC) z - любое\r\nD) Только z не равное 7\r\nE) у любое число <= 5\r\nF) Только z равное 7"},{"id":"33","answers":"A) Ничего\r\nB) 8\r\nC) 6\r\nD) 9\r\nE) Ошибка\r\nF) 7"},{"id":"34","answers":"A) 5 <> 6\r\nB) Ошибка компиляции\r\nC) 5 >= 6\r\nD) 5 >< 6\r\nE) 5 < 6\r\nF) Ничего"},{"id":"35","answers":"A) Ничего\r\nB) Ошибка\r\nC) 6\r\nD) 5\r\nE) 0"},{"id":"36","answers":"A) 515\r\nB) 155\r\nC) 5\r\nD) 15\r\nE) Ничего\r\nF) Ошибка"},{"id":"37","answers":""},{"id":"38","answers":"A) if x = 5: print(x)\r\nB) if (True): print(x)\r\nC) if (): print(x)\r\nD) if 1: print(x)\r\nE) if x == 5: print(x)\r\nF) if (x == 5): print(x)"},{"id":"39","answers":"A) 5\r\nB) 515\r\nC) Ничего\r\nD) 15\r\nE) 155\r\nF) Ошибка компиляции"},{"id":"40","answers":"A) true\r\nB) false"},{"id":"41","answers":"A) 5\r\nB) 155\r\nC) Ошибка\r\nD) 15\r\nE) Ничего\r\nF) 515"},{"id":"42","answers":"A) &*!\r\nB) Ошибка компиляции\r\nC) -\r\nD) *\r\nE) &\r\nF) !\r\nG) &*!-"},{"id":"43","answers":"A) 1\r\nB) True\r\nC) Ошибка компиляции\r\nD) TRUE\r\nE) 0\r\nF) true"},{"id":"44","answers":"A) 155\r\nB) Ничего\r\nC) 515\r\nD) Ошибка\r\nE) 15\r\nF) 5"},{"id":"45","answers":"A) 5 <= 16\r\nB) 516\r\nC) Ошибка компиляции\r\nD) Ничего\r\nE) 51 <= 6\r\nF) 5 <= 6"},{"id":"46","answers":""},{"id":"47","answers":"A) Ничего\r\nB) 10\r\nC) Ошибка компиляции. Т.к. некоторые case-ы пустые\r\nD) *\r\nE) 5\r\nF) *-\r\nG) -"},{"id":"48","answers":"A) 15\r\nB) Ошибка\r\nC) 50\r\nD) Ничего\r\nE) 5015\r\nF) 1550"},{"id":"49","answers":""},{"id":"50","answers":"A) if (x==5) std::cout << x;\r\nB) if (x = 5) {};\r\nC) if x == 5 {std::cout << x;}\r\nD) if () cout << x;\r\nE) if (1) {std::cout << x;}\r\nF) if (x < 2);"},{"id":"51","answers":"A) 15\r\nB) Ошибка\r\nC) 155\r\nD) 515\r\nE) 5\r\nF) Ничего"},{"id":"52","answers":"A) 0\r\nB) 5\r\nC) 5.0\r\nD) 0.0\r\nE) -5.0\r\nF) -5\r\nG) В С++ запрещено неявное преобразование чисел в логический тип."},{"id":"53","answers":"A) 155\r\nB) Ошибка\r\nC) 5\r\nD) 515\r\nE) Ничего\r\nF) 15"},{"id":"54","answers":"A) 230\r\nB) 3\r\nC) 1\r\nD) 0\r\nE) Ничего\r\nF) Ошибка\r\nG) 2"},{"id":"55","answers":"A) Ничего\r\nB) Ошибка выполнения\r\nC) 6\r\nD) 5\r\nE) 0"},{"id":"56","answers":""},{"id":"57","answers":"A) !0 != 0;\r\nB) 5 == 4 || 10 < 11;\r\nC) 5 == 4 && 10 < 11;\r\nD) true && !true || 0;\r\nE) !(5 == 4) && 10 < 10;\r\nF) 0 && 3 || 0 && 3;"},{"id":"58","answers":""},{"id":"59","answers":"A) 515\r\nB) Ошибка компиляции\r\nC) 15\r\nD) 155\r\nE) Ничего\r\nF) 5"},{"id":"60","answers":""},{"id":"61","answers":""},{"id":"62","answers":""},{"id":"63","answers":"A) Ошибка\r\nВ) 012345678999\r\nС) 999999999999999999(дохуя девяток)\r\nD) 01234567899\r\n"},{"id":"64","answers":""},{"id":"65","answers":""},{"id":"66","answers":"A) 012345678910\r\nB) 01234567891011\r\nC) 01234567891010\r\nD) Ошибка\r\nЕ) 01234567899"},{"id":"68","answers":"A) Ошибка\r\nВ) 0-1-2-3-4-5-6-7-8-9\r\nС) Ничего\r\nD) 0-1-2-3-4-5-6-7-8-9-10"},{"id":"69","answers":""},{"id":"70","answers":""},{"id":"72","answers":""},{"id":"73","answers":""},{"id":"74","answers":"A) 0-1-2-3-4-5-6-7-8-9-10\r\nB) 0-1-2-3-4-5-6-7-8-9\r\nC) Ничего\r\nD) Ошибка"},{"id":"82","answers":""},{"id":"85","answers":""},{"id":"87","answers":"A) Принудительный переход к следующей итерации цикла\r\nB) Данный оператор игнорируется\r\nC) Прерывает выполнение цикла\r\nD) Ошибка. Оператор break не используется в циклах\r\nE) Заставляет цикл выполняться с начала"},{"id":"88","answers":"A) Ошибка\r\nB) 0-1-2-3-4-5-6-7-8-9-10\r\nC) Ничего\r\nD) 0-1-2-3-4-5-6-7-8-9"},{"id":"89","answers":""},{"id":"90","answers":"A) \r\nfor(short i=1; ; i++) cout << i;\r\n\r\nD) \r\nfor(short i=1; i <100; ) {\r\n    if (i == 99) continue;\r\n    cout << i;\r\n    i++;\r\n}\r\n\r\nB) \r\nfor(0;0;0);\r\n\r\nC) \r\nfor(short i=1; i <100; ) {\r\n    if (i == 99) break;\r\n    cout << i;\r\n    i++;\r\n}\r\n\r\nE) \r\nfor(short i=1; i != 0; i++) \r\n    cout << i;\r\n\r\nF) \r\nfor(short i=1; i++; ) {\r\n    cout << i;\r\n}"},{"id":"91","answers":"A) \r\nИстинно\r\n\r\nB) \r\nЛожно"},{"id":"92","answers":"A) \r\nДанный оператор игнорируется\r\n\r\nB) \r\nОшибка. Оператор continue не используется в циклах\r\n\r\nC) \r\nПрерывает выполнение цикла\r\n\r\nD) \r\nЗаставляет цикл выполняться с начала\r\n\r\nE) \r\nПринудительный переход к следующей итерации цикла"},{"id":"93","answers":""},{"id":"94","answers":"A) \r\ndo{\r\n    код\r\n}while{условие};\r\n\r\nB) \r\ndo{\r\n    код\r\n}while{условие}\r\n\r\nC) \r\ndo{\r\n    код\r\n}while(условие);\r\n\r\nD) \r\ndo{\r\n    код\r\n}while(условие)\r\n\r\nE) \r\ndo{\r\n    код\r\n}while условие;\r\n\r\nF) \r\ndo{\r\n    код\r\n}while условие"},{"id":"95","answers":"A) \r\nОшибка. Оператор continue не используется в циклах\r\n\r\nB) \r\nПрерывает выполнение цикла\r\n\r\nC) \r\nПринудительный переход к следующей итерации цикла\r\n\r\nD) \r\nДанный оператор игнорируется\r\n\r\nE) \r\nЗаставляет цикл выполняться с начала"},{"id":"96","answers":"A) \r\n1\r\n\r\nB) \r\nБесконечный цикл печатающий 0\r\n\r\nC) \r\n0\r\n\r\nD) \r\nОшибка компиляции\r\n\r\nE) \r\n01\r\n\r\nF) \r\nБесконечный цикл печатающий 1"},{"id":"97","answers":""},{"id":"98","answers":""},{"id":"99","answers":""},{"id":"100","answers":"A) \r\n012345678910\r\n\r\nB) \r\n01234567891011\r\n\r\nC) \r\n01234567891010\r\n\r\nD) \r\nОшибка\r\n\r\nE) \r\n01234567899"},{"id":"101","answers":""},{"id":"102","answers":"A) \r\nНичего\r\n\r\nB) \r\n0-1-2-3-4-5-6-7-8-9\r\n\r\nC) \r\nОшибка\r\n\r\nD) \r\n0-1-2-3-4-5-6-7-8-9-10"},{"id":"103","answers":"A) \r\nОшибка\r\n\r\nB) \r\n9999999999999999999999\r\n\r\nC) \r\n012345678999\r\n\r\nD) \r\n01234567899"},{"id":"104","answers":""},{"id":"105","answers":""},{"id":"106","answers":""},{"id":"107","answers":"A) \r\nДа, break с меткой\r\n\r\nB) \r\nНет"},{"id":"108","answers":"A) \r\n0112.D.D.\r\n\r\nB) \r\nОшибка\r\n\r\nC) \r\n0112\r\n\r\nD) \r\n0112DD...\r\n\r\nE) \r\n0112D"},{"id":"109","answers":"A) \r\n0110\r\n\r\nB) \r\nОшибка\r\n\r\nC) \r\n110\r\n\r\nD) \r\n010"},{"id":"110","answers":"A) \r\nwhile True: print(1)\r\n\r\nB) \r\ni = 0\r\nwhile i < 10:\r\n    if i == 5: break\r\n    print(i)\r\n\r\nC) \r\ni = 0\r\nfor i in range)(10:\r\n    if i == 5: continue\r\n    print(i)\r\n\r\nD) \r\nwhile False: print(1)\r\n\r\nE) \r\ni = 0\r\nfor i in range(10):\r\n    if i == 5: break\r\n    print(i)\r\n\r\nF) \r\ni = 0\r\nwhile i < 10:\r\n    if i == 5: continue\r\n    print(i)\r\n"},{"id":"111","answers":""},{"id":"112","answers":"A) \r\nКогда в цикле x станет не равным 0\r\n\r\nB) \r\nНикогда. Это бесконечный цикл\r\n\r\nC) \r\nДанный цикл не выполнится ни разу\r\n\r\nD) \r\nКогда в цикле x станет равным 0"},{"id":"113","answers":"A) \r\nЗаставляет цикл выполняться с начала\r\n\r\nB) \r\nДанный оператор игнорируется\r\n\r\nC) \r\nОшибка. Оператор break не используется в циклах\r\n\r\nD) \r\nПринудительный переход к следующей итерации цикла\r\n\r\nE) \r\nПрерывает выполнение цикла\r\n"},{"id":"114","answers":"A) \r\nИстинно\r\n\r\nB) \r\nЛожно"},{"id":"115","answers":""},{"id":"116","answers":"A) \r\n01234567891010\r\n\r\nB) \r\nОшибка компиляции\r\n\r\nC) \r\n012345678910\r\n\r\nD) \r\n01234567899\r\n\r\nE) \r\n01234567891011"},{"id":"117","answers":"A) \r\nforeach\r\n\r\nB) \r\nrepeat until\r\n\r\nC) \r\nwhile\r\n\r\nD) \r\nfor\r\n\r\nE) \r\ndo while"},{"id":"118","answers":"A) \r\n012345678910\r\n\r\nB) \r\n0123456789101112\r\n\r\nC) \r\nБесконечный цикл\r\n\r\nD) \r\n01234567891011\r\n\r\nE) \r\n0123456789\r\n\r\nF) \r\nОшибка\r\n"},{"id":"119","answers":"A) \r\nwhile\r\n\r\nB) \r\nforeach\r\n\r\nC) \r\nfor\r\n\r\nD) \r\ndo while\r\n\r\nE) \r\nrepeat until"},{"id":"120","answers":""},{"id":"121","answers":"A) \r\nОшибка\r\n\r\nB) \r\n010\r\n\r\nC) \r\n110\r\n\r\nD) \r\n0110"},{"id":"122","answers":""},{"id":"123","answers":""},{"id":"124","answers":"A) \r\n123456789\r\n\r\nB) \r\n012345678910\r\n\r\nC) \r\n12345678910\r\n\r\nD) \r\n0123456789\r\n\r\nE) \r\nОшибка компиляции"},{"id":"125","answers":""},{"id":"126","answers":"A) \r\nДа, break с меткой\r\n\r\nB) \r\nНет\r\n"},{"id":"127","answers":"A) \r\n01234567891011\r\n\r\nB) \r\n012345678910\r\n\r\nC) \r\n01234567899\r\n\r\nD) \r\nОшибка компиляции\r\n\r\nE) \r\n01234567891010"},{"id":"128","answers":""},{"id":"129","answers":""}]