[{"id_task":"1","task_question":"Дан фрагмент когда на C++. Что будет выведено на экран в резульате выполнения данного фрагмента?\r\n\r\nint x = 5;\r\n(x != 5 ) && (std::cout << 11);\r\nstd::cout << x;"},{"id_task":"2","task_question":"Выберите все обязательные элементы switch в С++:\r\nA) break\r\nB) ()\r\nC) case\r\nD) default\r\nE) {}"},{"id_task":"18","task_question":"Дан фрагмент кода на C++. Что отобразиться на экране после его выполнения?\r\n\r\nint a = 50;\r\nint b = 15;\r\nif (a > b) std::cout << a;\r\nelse; std::cout << b;"},{"id_task":"19","task_question":"Дан фрагмент кода на C++. Что отобразиться на экране после его выполнения\r\nint x = 5;\r\n(x != 5) || std::cout << 11;\r\nstd::cout << x;"},{"id_task":"20","task_question":"Дан фрагмент кода на Python. Выберите выражения, которые НЕ вызовут ошибки. Переменная x определена следующим образом: x = 5.\r\n\r\nA) \r\nif (x == 5):\r\nelse:\r\n\r\nB)\r\nif x == 5:\r\n    print(x)\r\nelse:\r\n  print(0)\r\n\r\nC)\r\nelif (x < 5): print(0)\r\nelif (x >= 5): print(1)\r\n\r\nD)\r\nif x == 5: print(x)\r\nelse: print(0)\r\n\r\nE)\r\nif x == 5: print(x)\r\nelif x > 5: print(x)\r\nelse: print(x)\r\n\r\nF)\r\nif x == 5:\r\n    print(x)\r\n  print(x)\r\nelse:\r\n    print(x)"},{"id_task":"21","task_question":"Кокой тип переменных в C++ предназначен для хранения логических данных?\r\n\r\nA) short\r\nB) float\r\nC) double\r\nD) bool\r\nE) int\r\nF) char"},{"id_task":"22","task_question":"Дан фрагмент кода на Python. Что отобразится на экране после его выполнения?\r\nx = 5\r\nif (x or 0): print(x, end = '')\r\nelse: print(0, end = '')"},{"id_task":"23","task_question":"Дан фрагмент кода на Python. Что отобразится на экране после его выполнения?\r\n\r\na, b = 101, 3\r\nif a < b:\r\n    print(a, end = '')\r\nelse:\r\n    print(b, end = '')\r\n\r\nA) 3\r\nB) Ничего\r\nC) 1013\r\nD) 101\r\nE) Ошибка\r\nF) 3101"},{"id_task":"24","task_question":"Дан фрагмент кода на Python. Что отобразится на экране после его выполнения?\r\n\r\na, b = 101, 3\r\nif a < b:\r\n    print(a, end = '')\r\n\r\nA) Ошибка\r\nB) 101\r\nС) 1013\r\nD) 3\r\nE) Ничего\r\nF) 3101"},{"id_task":"25","task_question":"Дан фрагмент кода на Python. Что отобразится на экране после его выполнения?\r\n\r\nx = 5\r\nprint(x and x*x)"},{"id_task":"26","task_question":"Дан фрагмент кода на C++. Что отобразится на экране после его выполнения?\r\n\r\nint a = 5;\r\nint b = 15;\r\nif (a = 3) std::cout << a;\r\nelse std::cout << b;"},{"id_task":"27","task_question":"Даны фрагменты кода на C++. Выберите выражения, которые НЕ вызовут ошибки во время компиляции. Переменная x объявлена следующим образом: int x = 5;\r\n\r\nA) if (x == 5) std::cout << x;\r\n   else std::cout << 0;\r\n\r\nB) if (x == 5) std::cout << x;\r\n   else (x > 5) std::cout << 0;\r\n   else std::cout << 1;\r\n\r\nC) if (x == 5) ;\r\n   else ;\r\n\r\nD) if (x == 5) {std::cout << x;};\r\n   else std::cout << 0;\r\n\r\nE) if (x == 5) std::cout << 5;\r\n   else if (x != 5) std::cout << 6;\r\n\r\nF) if (x == 5) std::cout << x;\r\n   else {std::cout << 0;}"},{"id_task":"28","task_question":"Дан фрагмент кода на Python. Что будет напечатано в результате выполнения фрагмента кода?\r\n\r\na = 5\r\nb = 15\r\nif True and True:\r\n    print(a)\r\nelse:\r\n    print(b)\r\n\r\nA) 15\r\nB) Ничего\r\nC) 5\r\nD) Ошибка\r\nE) 515\r\nF) 155"},{"id_task":"29","task_question":"Дан фрагмент кода на Python. Что будет напечатано в результате выполнения фрагмента кода?\r\n\r\na = 5\r\nb = 6\r\nprint(a, 1 if a > b else \"<=\", b)\r\n\r\nA) 5 <= 6\r\nB) Ничего\r\nC) 5 <= 1 6\r\nD) 5 1 6\r\nE) Ошибка\r\nF) 5 1 <= 6"},{"id_task":"30","task_question":"Выберите все значения, которые могут быть неявно (без использования оператора приведения типов) преобразованы в True. Язык Python.\r\n\r\nA) 0\r\nB) В Python запрещено неявное преобразование чисел в логический тип.\r\nC) 5\r\nD) 5.0\r\nE) 0.0\r\nF) -5\r\nG) -5.0"},{"id_task":"31","task_question":"Дан фрагмент кода на Python. Что отобразится на экране после его выполнения?\r\n\r\nx = 5\r\nprint(x or x*x)"},{"id_task":"32","task_question":"Дан фрагмент кода на C++. Какие из перечисленных вариантов нужно выбрать для того, чтобы результатом выражения было true? Если x задано как: int x = 5;\r\n\r\n(x < y != 1) && (x = 4 || z == 7)\r\n\r\nA) у любое число <= 5, кроме 1\r\nB) у любое число > 5\r\nC) z - любое\r\nD) Только z не равное 7\r\nE) у любое число <= 5\r\nF) Только z равное 7"},{"id_task":"33","task_question":"Дан фрагмент кода на Python. Что будет напечатано в результате выполнения фрагмента кода?\r\n\r\na = 6\r\nb = 7\r\nc = 1 + b if a > b else a\r\nprint(c)\r\n\r\nA) Ничего\r\nB) 8\r\nC) 6\r\nD) 9\r\nE) Ошибка\r\nF) 7"},{"id_task":"34","task_question":"Дан фрагмент кода на C++. Что будет напечатано в результате выполнения следующего фрагмента кода:\r\n\r\nint a = 5;\r\nint b = 6;\r\nstd::cout << a << ( (a > b)? \" <> \" : \" >< \" ) << b;\r\n\r\nA) 5 <> 6\r\nB) Ошибка компиляции\r\nC) 5 >= 6\r\nD) 5 >< 6\r\nE) 5 < 6\r\nF) Ничего"},{"id_task":"35","task_question":"Дан фрагмент кода на Python. Что будет напечатано в результате выполнения фрагмента кода?\r\n\r\na = 5\r\nb = 6\r\nprint(b if a > b else a)\r\n\r\nA) Ничего\r\nB) Ошибка\r\nC) 6\r\nD) 5\r\nE) 0"},{"id_task":"36","task_question":"Дан фрагмент кода на Python. Что будет напечатано в результате выполнения фрагмента кода?\r\n\r\na = 5\r\nb = 15\r\nif True:\r\n    print(a)\r\nelse:\r\n    print(b)\r\n\r\nA) 515\r\nB) 155\r\nC) 5\r\nD) 15\r\nE) Ничего\r\nF) Ошибка"},{"id_task":"37","task_question":"Дан фрагмент кода на C++. Что отобразится на экране в результате его выполнения?\r\n\r\nint x = 5;\r\nstd::cout << (x || x*x)"},{"id_task":"38","task_question":"Дан фрагмент кода на Python. Выберите выражения, которые НЕ вызовут ошибки. Переменная x определена следующим образом: x = 5.\r\n\r\nA) if x = 5: print(x)\r\nB) if (True): print(x)\r\nC) if (): print(x)\r\nD) if 1: print(x)\r\nE) if x == 5: print(x)\r\nF) if (x == 5): print(x)"},{"id_task":"39","task_question":"Дан фрагмент кода на C++. Что отобразится на экране после его выполнения?\r\n\r\nint a = 5;\r\nint b = 15;\r\nif (a < b) std::cout << a;\r\nelse; std::cout << b;\r\n\r\nA) 5\r\nB) 515\r\nC) Ничего\r\nD) 15\r\nE) 155\r\nF) Ошибка компиляции"},{"id_task":"40","task_question":"Даны фрагменты кода на С++. Какой результат этого выражения, если известно, что: int x = -5, y = 3, z = 5;\r\n\r\nx && y && z > 0;\r\n\r\nA) true\r\nB) false"},{"id_task":"41","task_question":"Дан фрагмент кода на Python. Что будет напечатано в результате выполнения фрагмента кода?\r\n\r\na = 5\r\nb = 15\r\nif True and False:\r\n    print(a)\r\nelse:\r\n    print(b)\r\n\r\nA) 5\r\nB) 155\r\nC) Ошибка\r\nD) 15\r\nE) Ничего\r\nF) 515"},{"id_task":"42","task_question":"Дан фрагмент кода на С++. Что будет выведено на экран в результате выполнения данного фрагмента?\r\n\r\nint a = 5;\r\nint b = 10;\r\nswitch (b-a)\r\n{\r\n    case  5: std::cout << \"&\"; break;\r\n    case 10: std::cout << \"*\"; break;\r\n    case 15: std::cout << \"!\"; break;\r\n    default: std::cout << \"-\";\r\n}\r\n\r\nA) &*!\r\nB) Ошибка компиляции\r\nC) -\r\nD) *\r\nE) &\r\nF) !\r\nG) &*!-"},{"id_task":"43","task_question":"Дан фрагмент кода на C++. Что будет напечатано в результате выполнения следующего фрагмента кода:\r\n\r\nstd::cout << true;\r\n\r\nA) 1\r\nB) True\r\nC) Ошибка компиляции\r\nD) TRUE\r\nE) 0\r\nF) true"},{"id_task":"44","task_question":"Дан фрагмент кода на Python. Что будет напечатано в результате выполнения фрагмента кода?\r\n\r\na = 5\r\nb = 15\r\nif True or True:\r\n    print(a)\r\nelse:\r\n    print(b)\r\n\r\nA) 155\r\nB) Ничего\r\nC) 515\r\nD) Ошибка\r\nE) 15\r\nF) 5"},{"id_task":"45","task_question":"Дан фрагмент кода на С++. Что будет напечатано в результате выполнения следующего фрагмента кода:\r\n\r\nint a = 5;\r\nint b = 6;\r\nstd::cout << a << ( (a > b)? 1 : \" <= \" ) << b;\r\n\r\nA) 5 <= 16\r\nB) 516\r\nC) Ошибка компиляции\r\nD) Ничего\r\nE) 51 <= 6\r\nF) 5 <= 6"},{"id_task":"46","task_question":"Дан фрагмент кода на C++. Что отобразится на экране после его выполнения?\r\n\r\nint x = 5;\r\nstd::cout << (x && x*x);"},{"id_task":"47","task_question":"Даны фрагменты кода на C++. Что будет выведено на экраны в результате выполнения данного фрагмента?\r\n\r\nint a = 5;\r\nint b = 15;\r\nswitch (b-a)\r\n{\r\n    case  5: std::cout << \"*\";\r\n    case 10:\r\n    case 15:\r\n    default: std::cout << \"-\";\r\n}\r\n\r\nA) Ничего\r\nB) 10\r\nC) Ошибка компиляции. Т.к. некоторые case-ы пустые\r\nD) *\r\nE) 5\r\nF) *-\r\nG) -"},{"id_task":"48","task_question":"Дан фрагмент кода на Python. Что отобразится на экране после его выполнения?\r\n\r\na, b = 50, 15\r\nif a > b:\r\n    print(a, end = '')\r\nprint(b, end = '')\r\n\r\nA) 15\r\nB) Ошибка\r\nC) 50\r\nD) Ничего\r\nE) 5015\r\nF) 1550"},{"id_task":"49","task_question":"Дан фрагмент кода на Python. Что отобразится на экране после его выполнения?\r\n\r\nx = 5\r\nx != 5 and print(11, end = '')\r\nprint(x, end = '')"},{"id_task":"50","task_question":"Даны фрагменты кода на C++. Выберите выражения, которые НЕ вызовут ошибки во время компиляции. Переменная x объявлена следующим образом: int x = 5;\r\n\r\nA) if (x==5) std::cout << x;\r\nB) if (x = 5) {};\r\nC) if x == 5 {std::cout << x;}\r\nD) if () cout << x;\r\nE) if (1) {std::cout << x;}\r\nF) if (x < 2);"},{"id_task":"51","task_question":"Дан фрагмент кода на Python. Что будет напечатано в результате выполнения фрагмента кода?\r\n\r\na = 5\r\nb = 15\r\nif true:\r\n    print(a)\r\nelse:\r\n    print(b)\r\n\r\nA) 15\r\nB) Ошибка\r\nC) 155\r\nD) 515\r\nE) 5\r\nF) Ничего"},{"id_task":"52","task_question":"Выберите все значения, которые могут быть неявно (без использования оператора приведения типов) преобразованы в true. Язык С++.\r\n\r\nA) 0\r\nB) 5\r\nC) 5.0\r\nD) 0.0\r\nE) -5.0\r\nF) -5\r\nG) В С++ запрещено неявное преобразование чисел в логический тип."},{"id_task":"53","task_question":"Дан фрагмент кода на Python. Что будет напечатано в результате выполнения этого фрагмента кода?\r\n\r\na = 5\r\nb = 15\r\nif True or False:\r\n    print(a)\r\nelse:\r\n    print(b)\r\n\r\nA) 155\r\nB) Ошибка\r\nC) 5\r\nD) 515\r\nE) Ничего\r\nF) 15"},{"id_task":"54","task_question":"Дан фрагмент кода на Python. Что будет напечатано в результате выполнения фрагмента кода?\r\n\r\na = 5\r\nb = 15\r\nswitch b-a:\r\n    case  5: print('1')\r\n    case 10: print('2')\r\n    case 15: print('3')\r\n    default: print('0')\r\n\r\nA) 230\r\nB) 3\r\nC) 1\r\nD) 0\r\nE) Ничего\r\nF) Ошибка\r\nG) 2"},{"id_task":"55","task_question":"Дан фрагмент кода на C++. Что будет напечатано в результате выполнения фрагмента кода:\r\n\r\nint a = 5;\r\nint b = 6;\r\nstd::cout << ( (a > b)? b : a );\r\n\r\nA) Ничего\r\nB) Ошибка выполнения\r\nC) 6\r\nD) 5\r\nE) 0"},{"id_task":"56","task_question":"Дан фрагмент кода на C++. Что отобразится на экране после его выполнения?\r\n\r\nint a = 0, b = 10;\r\nif (b <= 5 <= a)  std::cout << 1;\r\nelse std::cout << 0;"},{"id_task":"57","task_question":"Даны фрагменты кода на C++. Результатом каких выражений будет true?\r\n\r\nA) !0 != 0;\r\nB) 5 == 4 || 10 < 11;\r\nC) 5 == 4 && 10 < 11;\r\nD) true && !true || 0;\r\nE) !(5 == 4) && 10 < 10;\r\nF) 0 && 3 || 0 && 3;"},{"id_task":"58","task_question":"Дан фрагмент кода на C++. Что отобразится на экране после его выполнения?\r\n\r\nint x = 5;\r\nif (10 > x > 1) std::cout << 1;\r\nelse std:cout << 0;"},{"id_task":"59","task_question":"Дан фрагмент кода на C++. Что отобразится на экране после его выполнения?\r\n\r\nint a = 5;\r\nint b = 15;\r\nif (a < b); std::cout << a;\r\nelse; std::cout << b;\r\n\r\nA) 515\r\nB) Ошибка компиляции\r\nC) 15\r\nD) 155\r\nE) Ничего\r\nF) 5"},{"id_task":"60","task_question":"Дан фрагмент кода на Python. Что отобразится на экране после его выполнения?\r\n\r\nx = 5\r\nx != 5 or print(11, end = '')\r\nprint(x, end = '')"},{"id_task":"61","task_question":"Даны фрагменты кода на C++. Что отобразится на экране после его выполнения\r\n\r\nint x = 5;\r\nif (x = 0 || 5) std::cout << 11;\r\nstd::cout << x;"},{"id_task":"62","task_question":"Дан фрагмент кода на С++. Что будет выведено на экран в результате выполнения данного фрагмента?\r\n\r\nint a = 5;\r\nint b = 10;\r\nswitch (b-a)\r\n{\r\ncase  5: std::cout << \"0\";\r\ncase 10: std::cout << \"1\"; break;\r\ncase 15: std::cout << \"2\";\r\ndefault: std::cout << \"3\";\r\n}"},{"id_task":"63","task_question":"Дан фрагмент кода на Python. Что будет выведено на экран после выполнения фрагмента кода?\r\n\r\ni = 99\r\nfor i in range(10):\r\n    print(i, end = '')\r\nprint(i)\r\n\r\n\r\nA) Ошибка\r\nВ) 012345678999\r\nС) 999999999999999999(дохуя девяток)\r\nD) 01234567899\r\n"},{"id_task":"64","task_question":"Дан фрагмент кода на Python. Что будет выведено на экран в результате выполнения данного фрагмента кода?\r\n\r\nfor i in range(10):\r\n    print(i, end = '')"},{"id_task":"65","task_question":"Дан фрагмент кода на C++. Что будет выведено на экран после выполнения фрагмента кода?\r\n\r\nint i = 0;\r\nfor(i = 5; i< 11; i++)\r\n  cout << i;\r\ncout << i;"},{"id_task":"66","task_question":"Дан фрагмент кода на Python. Что будет выведено на экран после выполнения фрагмента кода?\r\nfor i in range(11):\r\n    print(i, end = '')\r\nprint(i)\r\n\r\nA) 012345678910\r\nB) 01234567891011\r\nC) 01234567891010\r\nD) Ошибка\r\nЕ) 01234567899"},{"id_task":"68","task_question":"Дан фрагмент кода на Python. Что будет выведено на экран после выполнения фрагмента кода?\r\n\r\nfor i in range (0, -10):\r\n    print(i, end = '')\r\n\r\nA) Ошибка\r\nВ) 0-1-2-3-4-5-6-7-8-9\r\nС) Ничего\r\nD) 0-1-2-3-4-5-6-7-8-9-10"},{"id_task":"69","task_question":"Дан фрагмент кода на C++. Что будет выведено на экран после выполнения фрагмента кода?\r\n\r\nint i = 0;\r\nfor (int i = 5; i < 11; i++)\r\n  cout << i;\r\ncout << i;"},{"id_task":"70","task_question":"Дан фрагмент кода на C++. Что будет выведено на экран после выполнения фрагмента кода?\r\n\r\nfor (int i=0; i < 20; i += 3) cout\r\n<< i;"},{"id_task":"72","task_question":"Дан фрагмент кода на C++. Что будет выведено на экран после выполнения фрагмента кода?\r\n\r\nfor (int i=1; i < 32; i *= 2) cout\r\n<< i;"},{"id_task":"73","task_question":"Дан фрагмент кода на C++. Что будет выведено на экран после выполнения фрагмента кода?\r\n \r\nint i = 0; \r\nfor (int i = 5; i<11; i++);\r\n  cout << i;\r\ncout << i;"},{"id_task":"74","task_question":"Дан фрагмент кода на Python. Что будет выведено на экран после выполнения фрагмента кода?\r\n\r\nfor i in range(0, -10, -1):\r\n    print(i, end = '')\r\n\r\nA) 0-1-2-3-4-5-6-7-8-9-10\r\nB) 0-1-2-3-4-5-6-7-8-9\r\nC) Ничего\r\nD) Ошибка"},{"id_task":"82","task_question":"Это новый вопрос\r\n*) вариант 1\r\n*) абв\r\n*) правильный\r\n*) другой\r\n*) доп правильный"},{"id_task":"85","task_question":"доп вопрос"},{"id_task":"87","task_question":"Язык C++. Что делает оператор break вызванный внутри цикла?\r\n\r\nA) Принудительный переход к следующей итерации цикла\r\nB) Данный оператор игнорируется\r\nC) Прерывает выполнение цикла\r\nD) Ошибка. Оператор break не используется в циклах\r\nE) Заставляет цикл выполняться с начала"},{"id_task":"88","task_question":"Дан фрагмент кода на Python. Что будет выведено на экран в результате выполнения данного фрагмента кода?\r\n\r\nfor i in range(0, -10):\r\n    print(i, end = '')\r\n\r\nA) Ошибка\r\nB) 0-1-2-3-4-5-6-7-8-9-10\r\nC) Ничего\r\nD) 0-1-2-3-4-5-6-7-8-9"},{"id_task":"89","task_question":"Дан фрагмент кода на C++. Что будет выведено в результате выполнения следующего фрагмента кода:\r\nfor (int i = 0; i < 4; ++i)\r\n{\r\n   switch (i)\r\n   {\r\n        case 0  : cout << \"0\";\r\n        case 1  : cout << \"1\";continue;\r\n        case 2  : cout << \"2\"; break;\r\n        default : cout << \"D\"; break;\r\n   }\r\n   cout << \".\";\r\n}"},{"id_task":"90","task_question":"Дан фрагмент кода на C++. Какие из следующих циклов являются бесконечными?\r\n\r\nA) \r\nfor(short i=1; ; i++) cout << i;\r\n\r\nD) \r\nfor(short i=1; i <100; ) {\r\n    if (i == 99) continue;\r\n    cout << i;\r\n    i++;\r\n}\r\n\r\nB) \r\nfor(0;0;0);\r\n\r\nC) \r\nfor(short i=1; i <100; ) {\r\n    if (i == 99) break;\r\n    cout << i;\r\n    i++;\r\n}\r\n\r\nE) \r\nfor(short i=1; i != 0; i++) \r\n    cout << i;\r\n\r\nF) \r\nfor(short i=1; i++; ) {\r\n    cout << i;\r\n}"},{"id_task":"91","task_question":"Дан фрагмент кода на Python.\r\nwhile <условие>:\r\n    <код>\r\nЦикл будет выполнятся, пока <условие>:\r\n\r\nA) \r\nИстинно\r\n\r\nB) \r\nЛожно"},{"id_task":"92","task_question":"Язык C++. Что делает оператор continue вызванный внутри цикла?\r\n\r\nA) \r\nДанный оператор игнорируется\r\n\r\nB) \r\nОшибка. Оператор continue не используется в циклах\r\n\r\nC) \r\nПрерывает выполнение цикла\r\n\r\nD) \r\nЗаставляет цикл выполняться с начала\r\n\r\nE) \r\nПринудительный переход к следующей итерации цикла"},{"id_task":"93","task_question":"Дан фрагмент кода на Python. Что будет напечатано в результате выполнения данного фрагмента кода?\r\n\r\nk = 1\r\nwhile k:\r\n    if k == 5: break\r\n    print(k, end = '')\r\n    k += 1"},{"id_task":"94","task_question":"Язык C++. Выберите правильную форму оператора do while\r\n\r\nA) \r\ndo{\r\n    код\r\n}while{условие};\r\n\r\nB) \r\ndo{\r\n    код\r\n}while{условие}\r\n\r\nC) \r\ndo{\r\n    код\r\n}while(условие);\r\n\r\nD) \r\ndo{\r\n    код\r\n}while(условие)\r\n\r\nE) \r\ndo{\r\n    код\r\n}while условие;\r\n\r\nF) \r\ndo{\r\n    код\r\n}while условие"},{"id_task":"95","task_question":"Язык Python. Что делает оператор continue вызванный внутри цикла?\r\n\r\nA) \r\nОшибка. Оператор continue не используется в циклах\r\n\r\nB) \r\nПрерывает выполнение цикла\r\n\r\nC) \r\nПринудительный переход к следующей итерации цикла\r\n\r\nD) \r\nДанный оператор игнорируется\r\n\r\nE) \r\nЗаставляет цикл выполняться с начала"},{"id_task":"96","task_question":"Дан фрагмент кода на C++. Что будет напечатано в результате выполнения следующего фрагмента кода?\r\ndo{\r\n    int i = 0;\r\n    i++;\r\n    cout << i;\r\n}while(i<1);\r\n\r\nA) \r\n1\r\n\r\nB) \r\nБесконечный цикл печатающий 0\r\n\r\nC) \r\n0\r\n\r\nD) \r\nОшибка компиляции\r\n\r\nE) \r\n01\r\n\r\nF) \r\nБесконечный цикл печатающий 1"},{"id_task":"97","task_question":"Дан фрагмент кода на C++.\r\n\r\nint k = 10;\r\nwhile(--k) cout << 0;\r\n\r\nСколько раз выполнится цикл?"},{"id_task":"98","task_question":"Дан фрагмент кода на C++. Что будет выведено на экран после выполнения фрагмента кода?\r\n\r\nint i = 0;\r\nfor (int i = 5; i<11; i++)\r\n  cout << i;\r\ncout << i;"},{"id_task":"99","task_question":"Дан фрагмент кода на C++. Что будет напечатано в результате выполнения данного фрагмента кода?\r\n\r\nfor(int i=0; i <10; i++){\r\n    while(i%3) i++;\r\n    cout << i;\r\n}"},{"id_task":"100","task_question":"Дан фрагмент кода на Python. Что будет выведено на экран после выполнения фрагмента кода?\r\nfor i in range(11):\r\n    print(i, end = '')\r\nprint(i)\r\n\r\nA) \r\n012345678910\r\n\r\nB) \r\n01234567891011\r\n\r\nC) \r\n01234567891010\r\n\r\nD) \r\nОшибка\r\n\r\nE) \r\n01234567899"},{"id_task":"101","task_question":"Дан фрагмент кода на C++. Что будет выведено на экран после выполнения фрагмента кода?\r\n\r\nint i = 0;\r\nfor (int i = 5; i<11; i++);\r\n  cout << i;\r\ncout << i;"},{"id_task":"102","task_question":"Дан фрагмент кода на Python. Что будет выведено на экран в результате выполнения данного фрагмента кода?\r\n\r\nfor i in range(0, -10, -1):\r\n    print(i, end = '')\r\n\r\nA) \r\nНичего\r\n\r\nB) \r\n0-1-2-3-4-5-6-7-8-9\r\n\r\nC) \r\nОшибка\r\n\r\nD) \r\n0-1-2-3-4-5-6-7-8-9-10"},{"id_task":"103","task_question":"Дан фрагмент кода на Python. Что будет выведено на экран после выполнения фрагмента кода?\r\ni = 99\r\nfor i in range(0, 10):\r\n    print(i, end = '')\r\nprint(i)\r\n\r\nA) \r\nОшибка\r\n\r\nB) \r\n9999999999999999999999\r\n\r\nC) \r\n012345678999\r\n\r\nD) \r\n01234567899"},{"id_task":"104","task_question":"Дан фрагмент кода на C++. Сколько раз выполнится цикл?\r\n\r\nint k = 10;\r\ndo{\r\n    cout << 0;\r\n}while(k--);"},{"id_task":"105","task_question":"Дан фрагмент кода на Python. Сколько раз выполнится цикл?\r\n\r\nk = 10\r\nwhile k: \r\n    print(0)\r\n    k -= 1\r\n"},{"id_task":"106","task_question":"Дан фрагмент кода на Python. Что будет выведено на экран в результате выполнения данного фрагмента кода?\r\n\r\nfor i in range(10):\r\n    print(i, end = '')"},{"id_task":"107","task_question":"Язык C++. Существует ли форма оператора break позволяющая выйти сразу из 2х или более вложенных друг в друга циклов?\r\n\r\nA) \r\nДа, break с меткой\r\n\r\nB) \r\nНет"},{"id_task":"108","task_question":"Дан фрагмент кода на Python. Что будет выведено в результате выполнения следующего фрагмента кода:\r\n\r\nfor i in range(5):\r\n    switch i:\r\n        case 0: print('0')\r\n        case 1: print('1'); continue\r\n        case 2: print('2'); break\r\n        default: print('D'); break\r\n    print('.')\r\n\r\nA) \r\n0112.D.D.\r\n\r\nB) \r\nОшибка\r\n\r\nC) \r\n0112\r\n\r\nD) \r\n0112DD...\r\n\r\nE) \r\n0112D"},{"id_task":"109","task_question":"Дан фрагмент кода на Python. Что будет выведено на экран после выполнения фрагмента кода?\r\n\r\nfor i in range(1):\r\n    k = 10\r\n    print(i, end = '')\r\nprint(k)\r\n\r\nA) \r\n0110\r\n\r\nB) \r\nОшибка\r\n\r\nC) \r\n110\r\n\r\nD) \r\n010"},{"id_task":"110","task_question":"Дан фрагмент кода на Python. Какие из следующих циклов являются бесконечными?\r\n\r\nA) \r\nwhile True: print(1)\r\n\r\nB) \r\ni = 0\r\nwhile i < 10:\r\n    if i == 5: break\r\n    print(i)\r\n\r\nC) \r\ni = 0\r\nfor i in range)(10:\r\n    if i == 5: continue\r\n    print(i)\r\n\r\nD) \r\nwhile False: print(1)\r\n\r\nE) \r\ni = 0\r\nfor i in range(10):\r\n    if i == 5: break\r\n    print(i)\r\n\r\nF) \r\ni = 0\r\nwhile i < 10:\r\n    if i == 5: continue\r\n    print(i)\r\n"},{"id_task":"111","task_question":"Дан фрагмент кода на C++. Что будет выведено на экран в результате выполнения данного фрагмента кода?\r\n\r\nfor(int i=0; i < 20; i += 3) cout << i;"},{"id_task":"112","task_question":"Дан фрагмент кода на C++. Когда закончится данный цикл?\r\n\r\nint x = 0;\r\ndo{\r\n    cin >> x;\r\n \/\/ <полезный код НЕ изменяющий x>\r\n}while(x != 0);\r\n\r\n\r\nA) \r\nКогда в цикле x станет не равным 0\r\n\r\nB) \r\nНикогда. Это бесконечный цикл\r\n\r\nC) \r\nДанный цикл не выполнится ни разу\r\n\r\nD) \r\nКогда в цикле x станет равным 0"},{"id_task":"113","task_question":"Язык Python. Что делает оператор break вызванный внутри цикла?\r\n\r\nA) \r\nЗаставляет цикл выполняться с начала\r\n\r\nB) \r\nДанный оператор игнорируется\r\n\r\nC) \r\nОшибка. Оператор break не используется в циклах\r\n\r\nD) \r\nПринудительный переход к следующей итерации цикла\r\n\r\nE) \r\nПрерывает выполнение цикла\r\n"},{"id_task":"114","task_question":"Дан фрагмент кода на C++.\r\nwhile (<условие>){\r\n    <код>\r\n}\r\n\r\nЦикл будет выполнятся, пока <условие>:\r\n\r\nA) \r\nИстинно\r\n\r\nB) \r\nЛожно"},{"id_task":"115","task_question":"Дан фрагмент кода на C++. Сколько раз выполнится цикл?\r\n\r\nint k = 10;\r\nwhile(k--) cout << 0;"},{"id_task":"116","task_question":"Дан фрагмент кода на C++. Что будет выведено на экран после выполнения фрагмента кода?\r\n\r\nint i = 0;\r\nfor (int i = 0, i<11, i++)\r\n  cout << i;\r\ncout << i;\r\n\r\n\r\nA) \r\n01234567891010\r\n\r\nB) \r\nОшибка компиляции\r\n\r\nC) \r\n012345678910\r\n\r\nD) \r\n01234567899\r\n\r\nE) \r\n01234567891011"},{"id_task":"117","task_question":"Язык Python. Какие из ниже перечисленных команд, НЕ являются операторами цикла в Python?\r\n\r\nA) \r\nforeach\r\n\r\nB) \r\nrepeat until\r\n\r\nC) \r\nwhile\r\n\r\nD) \r\nfor\r\n\r\nE) \r\ndo while"},{"id_task":"118","task_question":"Дан фрагмент кода на Python. Что будет выведено на экран после выполнения фрагмента кода?\r\nfor i in range(0, i + 10):\r\n    print(i, end = '')\r\n\r\n\r\nA) \r\n012345678910\r\n\r\nB) \r\n0123456789101112\r\n\r\nC) \r\nБесконечный цикл\r\n\r\nD) \r\n01234567891011\r\n\r\nE) \r\n0123456789\r\n\r\nF) \r\nОшибка\r\n"},{"id_task":"119","task_question":"Язык C++. Какие из ниже перечисленных команд, НЕ являются операторами цикла в C++?\r\n\r\n\r\nA) \r\nwhile\r\n\r\nB) \r\nforeach\r\n\r\nC) \r\nfor\r\n\r\nD) \r\ndo while\r\n\r\nE) \r\nrepeat until"},{"id_task":"120","task_question":"Дан фрагмент кода на C++. Что будет выведено на экран после выполнения фрагмента кода?\r\n\r\nint i = 0;\r\nfor (i = 5; i<11; i++)\r\n  cout << i;\r\ncout << i;"},{"id_task":"121","task_question":"Дан фрагмент кода на C++. Что будет выведено на экран после выполнения фрагмента кода?\r\nfor (int i = 0; i<1; i++){\r\n    int k = 10;\r\n    cout << i;\r\n}\r\ncout << k;\r\n\r\n\r\nA) \r\nОшибка\r\n\r\nB) \r\n010\r\n\r\nC) \r\n110\r\n\r\nD) \r\n0110"},{"id_task":"122","task_question":"Дан фрагмент кода на C++. Что будет напечатано в результате выполнения данного фрагмента кода?\r\n\r\nint k = 10;\r\nwhile(--k){\r\n    if (k == 5) continue;\r\n    cout << k;\r\n}"},{"id_task":"123","task_question":"Дан фрагмент кода на C++. Что будет выведено на экран в результате выполнения данного фрагмента кода?\r\n\r\nfor(int i=1; i < 32; i *= 2) cout << i;"},{"id_task":"124","task_question":"Дан фрагмент кода на C++. Что будет напечатано в результате выполнения следующего фрагмента кода?\r\nint i = 0;\r\ndo{\r\n    i++;\r\n    cout << i;\r\n}while(i<10);\r\n\r\n\r\nA) \r\n123456789\r\n\r\nB) \r\n012345678910\r\n\r\nC) \r\n12345678910\r\n\r\nD) \r\n0123456789\r\n\r\nE) \r\nОшибка компиляции"},{"id_task":"125","task_question":"Дан фрагмент кода на Python. Что будет напечатано в результате выполнения данного фрагмента кода?\r\n\r\nfor i in range(10):\r\n    while i%3: i += 1\r\n    print(i, end = '')"},{"id_task":"126","task_question":"Язык Python. Существует ли форма оператора break позволяющая выйти сразу из 2х или более вложенных друг в друга циклов?\r\n\r\n\r\nA) \r\nДа, break с меткой\r\n\r\nB) \r\nНет\r\n"},{"id_task":"127","task_question":"Дан фрагмент кода на C++. Что будет выведено на экран после выполнения фрагмента кода?\r\nfor (int i = 0; i<11; i++)\r\n  cout << i;\r\ncout << i;\r\n\r\n\r\nA) \r\n01234567891011\r\n\r\nB) \r\n012345678910\r\n\r\nC) \r\n01234567899\r\n\r\nD) \r\nОшибка компиляции\r\n\r\nE) \r\n01234567891010"},{"id_task":"128","task_question":"Дан фрагмент кода на С++. Что отобразится на экране после его выполнения?\r\n\r\nint x = 5;\r\nstd::cout << (x || x*x);"},{"id_task":"129","task_question":"really nigga?\r\n\r\nOY NIGGA U GAY HAHAHA"}]